date,acres,quality_flag,nearest_tide_time,tide_height_ft,tide_type,hours_from_tide,data_source
1995-08-12 10:37:14,2320.706056197816,good,1995-08-12 10:06,5.589,H,0.52,predicted
1995-08-28 10:36:29,4606.331829469444,good,1995-08-28 10:11,5.296,H,0.42,predicted
1996-08-05 10:55:24,5065.570959994311,good,1996-08-05 07:48,0.15,L,3.12,predicted
1996-08-21 10:56:13,0.0,suspect,1996-08-21 13:43,5.058,H,2.78,predicted
1996-08-30 10:50:32,3395.8179883920566,good,1996-08-30 10:02,5.974,H,0.81,predicted
1997-08-17 11:05:15,8886.693514088522,good,1997-08-17 14:06,-0.133,L,3.01,predicted
1997-08-24 11:11:38,3129.2659367388,good,1997-08-24 14:07,5.492,H,2.92,predicted
1998-08-20 11:12:12,9888.478025447634,good,1998-08-20 13:49,0.27,L,2.61,predicted
1998-08-27 11:18:29,0.3446651489840786,suspect,1998-08-27 12:47,4.785,H,1.48,predicted
1999-08-23 11:11:08,8971.117679732106,good,1999-08-23 12:29,0.986,L,1.3,predicted
1999-08-30 11:17:07,0.0,suspect,1999-08-30 11:11,5.415,H,0.1,predicted
2000-08-16 11:17:31,1325.3202289819794,good,2000-08-16 09:49,4.712,H,1.48,predicted
2000-08-25 11:11:29,9663.350357837911,good,2000-08-25 11:15,0.442,L,0.06,predicted
2001-08-03 11:20:12,0.0,suspect,2001-08-03 08:33,4.512,H,2.79,predicted
2001-08-19 11:20:09,516.0966300561822,good,2001-08-19 09:00,5.542,H,2.34,predicted
2001-08-28 11:13:52,4804.388822213974,good,2001-08-28 11:08,1.023,L,0.1,predicted
2002-08-06 11:14:48,716.144603417767,good,2002-08-06 12:57,0.6,L,1.7,predicted
2002-08-15 11:08:22,6949.030190126639,good,2002-08-15 08:32,0.294,L,2.61,predicted
2002-08-22 11:14:19,508.0578333350926,good,2002-08-22 08:42,4.811,H,2.54,predicted
2002-08-31 11:07:53,353.2977131576196,suspect,2002-08-31 08:13,1.341,L,2.91,predicted
2003-08-02 11:10:26,54.125424000821646,suspect,2003-08-02 12:09,5.039,H,0.98,predicted
2003-08-18 11:10:42,8716.206034515397,good,2003-08-18 13:42,4.721,H,2.52,predicted
2003-08-25 11:17:02,3202.227295912052,good,2003-08-25 13:14,0.788,L,1.95,predicted
2004-08-04 11:16:26,5132.225934039967,good,2004-08-04 12:05,5.196,H,0.81,predicted
2004-08-11 11:22:46,326.3113175593879,suspect,2004-08-11 11:39,1.201,L,0.27,predicted
2004-08-20 11:16:51,7102.705156271338,good,2004-08-20 11:50,5.095,H,0.55,predicted
2004-08-27 11:23:13,2804.0022948616893,good,2004-08-27 12:40,0.329,L,1.28,predicted
2005-08-07 11:21:41,851.3549833587163,good,2005-08-07 10:39,4.595,H,0.71,predicted
2005-08-14 11:27:54,1728.579285177984,good,2005-08-14 09:24,1.015,L,2.06,predicted
2005-08-23 11:21:46,3929.1982083869098,good,2005-08-23 11:56,5.636,H,0.57,predicted
2006-08-01 11:33:08,2514.076415621032,good,2006-08-01 14:04,4.592,H,2.51,predicted
2006-08-10 11:27:03,5223.467959178563,good,2006-08-10 09:29,5.295,H,1.97,predicted
2006-08-17 11:33:19,1227.824054052286,good,2006-08-17 09:44,0.772,L,1.82,predicted
2007-08-04 11:33:20,1377.8996436187665,good,2007-08-04 13:11,5.42,H,1.63,predicted
2007-08-13 11:27:04,3436.446562826977,good,2007-08-13 09:17,5.016,H,2.17,predicted
2008-08-06 11:26:02,54.13072866995329,suspect,2008-08-06 12:58,5.1,H,1.53,predicted
2008-08-15 11:19:35,4175.267734483622,good,2008-08-15 14:03,0.775,L,2.72,predicted
2008-08-22 11:25:35,1360.498064086993,good,2008-08-22 12:45,5.398,H,1.32,predicted
2008-08-31 11:19:10,6045.428037782273,good,2008-08-31 09:14,5.575,H,2.09,predicted
2009-08-09 11:29:05,36.67868760949792,suspect,2009-08-09 10:58,4.749,H,0.52,predicted
2009-08-18 11:23:03,10024.194437252176,good,2009-08-18 13:06,0.057,L,1.72,predicted
2009-08-25 11:29:20,2217.1063128871638,good,2009-08-25 12:58,5.398,H,1.48,predicted
2010-08-05 11:24:04,7967.879723105197,good,2010-08-05 10:19,0.97,L,1.08,predicted
2010-08-12 11:30:12,18.23803311364704,suspect,2010-08-12 10:38,5.854,H,0.87,predicted
2010-08-21 11:23:59,336.0555478685175,suspect,2010-08-21 12:47,0.854,L,1.38,predicted
2010-08-28 11:30:09,2018.4638351277608,good,2010-08-28 10:59,4.902,H,0.52,predicted
2011-08-08 11:22:35,8333.88172400208,good,2011-08-08 10:27,0.523,L,0.93,predicted
2011-08-24 11:22:27,787.6492104994012,good,2011-08-24 10:45,1.189,L,0.62,predicted
2011-08-31 11:28:33,1096.371418171276,good,2011-08-31 10:25,6.033,H,1.06,predicted
2013-08-04 11:41:52,1890.978357484213,good,2013-08-04 13:19,0.756,L,1.62,predicted
2013-08-20 11:41:54,2116.1033050214205,good,2013-08-20 14:27,-0.297,L,2.75,predicted
2013-08-29 11:35:44,1162.8263629959183,good,2013-08-29 09:29,1.3,L,2.11,predicted
2014-08-07 11:39:53,2149.080290855478,good,2014-08-07 11:51,0.404,L,0.19,predicted
2014-08-16 11:33:45,1896.9774920678565,good,2014-08-16 13:48,5.426,H,2.24,predicted
2015-08-03 11:33:18,3593.368965321712,good,2015-08-03 11:14,5.548,H,0.32,predicted
2015-08-10 11:39:32,2442.265260523601,good,2015-08-10 11:47,0.459,L,0.12,predicted
2015-08-19 11:33:26,7888.017890607468,good,2015-08-19 12:16,4.754,H,0.71,predicted
2015-08-26 11:39:39,2607.5739370543674,good,2015-08-26 12:01,0.635,L,0.36,predicted
2016-08-05 11:33:43,5845.824553189985,good,2016-08-05 10:54,5.089,H,0.66,predicted
2016-08-12 11:39:54,2593.8918033131163,good,2016-08-12 10:13,1.241,L,1.45,predicted
2016-08-21 11:33:48,1804.7875805393053,good,2016-08-21 11:01,5.555,H,0.55,predicted
2016-08-28 11:40:02,2196.5446113932653,good,2016-08-28 11:50,0.39,L,0.17,predicted
2017-08-08 11:33:42,426.4100768495805,suspect,2017-08-08 09:25,4.706,H,2.15,predicted
2017-08-24 11:33:46,4059.554685776129,good,2017-08-24 10:59,5.462,H,0.58,predicted
2017-08-31 11:39:58,2515.948539757265,good,2017-08-31 10:39,1.344,L,1.02,predicted
2018-08-02 11:39:11,2560.0335812609687,good,2018-08-02 12:41,4.595,H,1.03,predicted
2018-08-11 11:33:05,272.4529576674708,suspect,2018-08-11 08:45,5.505,H,2.8,predicted
2018-08-18 11:39:19,2182.228691105516,good,2018-08-18 08:49,0.726,L,2.84,predicted
2018-08-27 11:33:13,6215.310374716796,good,2018-08-27 09:36,4.865,H,1.95,predicted
2019-08-05 11:39:57,49.68228967828963,suspect,2019-08-05 12:46,5.557,H,1.1,predicted
2019-08-14 11:33:49,2581.5035432737736,good,2019-08-14 14:28,0.628,L,2.9,predicted
2019-08-21 11:40:02,1319.7757865925228,good,2019-08-21 12:47,4.641,H,1.12,predicted
2019-08-30 11:33:53,5914.529856181957,good,2019-08-30 08:42,5.656,H,2.86,predicted
2020-08-07 11:39:50,213.47303396363705,suspect,2020-08-07 11:50,4.686,H,0.17,predicted
2020-08-23 11:39:57,0.0,suspect,2020-08-23 12:31,5.675,H,0.85,predicted
2021-08-10 11:39:59,2169.9415437303314,good,2021-08-10 10:16,4.847,H,1.4,predicted
2021-08-19 11:33:51,1075.0793632466869,good,2021-08-19 12:26,0.355,L,0.87,predicted
2021-08-26 11:40:03,1981.808748297267,good,2021-08-26 11:55,5.028,H,0.25,predicted
2022-08-06 11:34:09,8603.259092443854,good,2022-08-06 09:14,0.735,L,2.34,predicted
2022-08-13 11:40:23,1031.6654231439695,good,2022-08-13 09:58,5.42,H,1.71,predicted
2022-08-29 11:40:24,1600.542890850303,good,2022-08-29 10:15,4.99,H,1.42,predicted
2023-08-09 11:33:32,4759.076175903911,good,2023-08-09 09:27,0.684,L,2.11,predicted
2023-08-16 11:39:48,964.512108557759,good,2023-08-16 09:09,4.668,H,2.51,predicted
2024-08-02 11:39:28,546.441561452238,good,2024-08-02 13:28,0.592,L,1.81,predicted
2024-08-11 11:33:18,5478.744945552416,good,2024-08-11 13:50,4.624,H,2.28,predicted
2024-08-18 11:39:36,167.34375872632685,suspect,2024-08-18 13:50,0.323,L,2.17,predicted
2024-08-27 11:33:26,6523.002423680773,good,2024-08-27 09:25,0.821,L,2.14,predicted
2025-08-05 11:39:50,62.17188485966114,suspect,2025-08-05 11:58,1.195,L,0.3,predicted
2025-08-14 11:33:43,392.220356061211,suspect,2025-08-14 12:47,5.461,H,1.22,predicted
2025-08-30 11:33:46,3477.691914642945,good,2025-08-30 14:03,4.664,H,2.49,predicted
